public_access,idle_days,missing_tag_count,est_monthly_cost,age_days,risk_label,risk_bucket
0,47,4,16.53,459,67.77,HIGH
1,65,0,27.24,514,73.27,HIGH
1,69,0,2.79,398,54.24,MEDIUM
0,27,2,0.29,620,35.25,MEDIUM
0,116,3,22.65,286,61.67,MEDIUM
0,92,3,14.11,561,65.25,MEDIUM
0,25,0,18.04,140,10.35,LOW
1,24,1,27.32,556,52.31,MEDIUM
0,11,4,24.35,590,53.28,MEDIUM
1,4,4,48.63,610,97.71,HIGH
0,97,0,11.52,282,20.0,LOW
1,47,1,10.06,661,67.71,HIGH
1,36,2,7.71,578,91.09,HIGH
0,78,0,2.5,457,24.22,LOW
0,43,0,12.75,87,25.4,LOW
0,99,4,4.87,79,63.21,MEDIUM
0,14,0,38.13,205,6.82,LOW
0,42,0,13.13,337,20.59,LOW
0,47,0,13.48,254,22.3,LOW
0,86,4,6.58,304,64.97,MEDIUM
0,69,2,0.8,380,44.67,MEDIUM
0,45,2,0.48,130,40.22,MEDIUM
0,113,0,8.26,596,26.73,LOW
0,107,4,1.33,276,59.08,MEDIUM
0,42,2,14.0,699,44.13,MEDIUM
1,108,2,31.93,558,84.83,HIGH
0,20,2,32.17,183,27.73,LOW
0,22,4,16.14,268,57.7,MEDIUM
0,106,4,3.56,322,68.6,HIGH
0,118,0,29.82,512,33.66,LOW
0,79,3,32.59,612,57.8,MEDIUM
0,46,2,3.28,78,36.61,MEDIUM
0,116,3,20.06,339,59.7,MEDIUM
1,14,4,5.06,674,79.37,HIGH
1,24,4,24.34,556,93.61,HIGH
1,35,4,88.38,509,100.0,HIGH
0,74,3,0.46,238,62.27,MEDIUM
0,50,4,34.15,134,68.98,HIGH
0,14,0,14.62,192,14.0,LOW
0,67,4,54.39,356,70.43,HIGH
0,20,1,9.38,278,24.44,LOW
0,12,3,28.2,18,39.44,MEDIUM
0,85,1,0.97,524,36.83,MEDIUM
1,18,4,6.13,180,88.1,HIGH
0,33,0,1.04,123,20.66,LOW
0,77,2,55.54,246,55.63,MEDIUM
0,67,4,25.47,373,75.78,HIGH
0,111,0,28.71,51,32.22,LOW
0,116,3,41.7,71,66.72,MEDIUM
0,51,1,1.33,480,30.73,LOW
1,109,1,7.31,560,72.96,HIGH
1,26,1,1.11,19,61.1,MEDIUM
1,28,3,3.55,84,82.42,HIGH
1,110,0,3.91,155,67.38,HIGH
0,27,3,9.5,565,44.52,MEDIUM
1,34,1,4.69,619,69.56,HIGH
0,7,4,1.6,357,48.01,MEDIUM
0,15,2,2.75,647,21.82,LOW
0,105,3,2.39,443,60.06,MEDIUM
0,35,3,54.22,69,53.65,MEDIUM
0,29,0,21.36,523,21.43,LOW
0,17,0,51.52,143,25.18,LOW
1,1,3,8.69,192,63.47,MEDIUM
0,48,1,4.89,387,31.93,LOW
0,76,2,24.01,378,49.86,MEDIUM
0,3,0,5.92,581,0.0,LOW
0,89,1,5.34,535,43.36,MEDIUM
1,88,4,3.97,693,100.0,HIGH
0,93,0,2.08,293,21.59,LOW
1,74,1,4.45,9,76.71,HIGH
1,6,1,6.59,271,57.9,MEDIUM
0,94,2,16.81,387,49.33,MEDIUM
0,107,2,0.97,93,51.12,MEDIUM
1,73,4,3.55,529,100.0,HIGH
1,38,1,24.83,154,62.39,MEDIUM
1,12,1,2.38,405,53.07,MEDIUM
1,30,2,6.29,149,71.58,HIGH
0,70,0,30.0,267,36.4,MEDIUM
0,62,0,2.52,422,12.63,LOW
0,55,3,1.3,618,66.05,MEDIUM
1,112,2,9.94,472,90.64,HIGH
0,41,3,5.4,547,49.45,MEDIUM
0,60,2,12.43,631,54.64,MEDIUM
0,41,4,24.43,526,76.13,HIGH
0,55,1,2.21,503,37.93,MEDIUM
0,35,4,13.04,14,63.24,MEDIUM
1,83,2,10.56,652,88.82,HIGH
0,67,1,2.33,364,34.99,MEDIUM
1,117,0,14.67,119,67.02,HIGH
0,6,0,4.8,238,0.0,LOW
0,53,3,10.04,546,51.66,MEDIUM
1,0,2,1.29,169,53.63,MEDIUM
1,43,2,9.23,522,80.31,HIGH
0,119,0,5.49,634,18.22,LOW
1,44,4,25.92,657,100.0,HIGH
0,105,1,0.88,516,35.08,MEDIUM
0,46,4,8.13,397,62.34,MEDIUM
0,12,4,9.2,106,45.15,MEDIUM
0,118,0,19.37,85,46.2,MEDIUM
0,21,0,12.81,214,19.39,LOW
0,117,0,16.5,121,23.73,LOW
0,20,3,22.51,132,46.25,MEDIUM
0,85,4,29.73,197,70.88,HIGH
0,91,2,5.65,19,41.62,MEDIUM
1,8,1,11.58,642,50.11,MEDIUM
0,25,3,27.5,12,50.83,MEDIUM
0,8,2,68.28,81,34.93,MEDIUM
1,14,4,33.04,330,100.0,HIGH
0,9,0,6.97,392,10.81,LOW
0,87,4,3.26,637,72.85,HIGH
0,120,1,10.08,307,33.76,LOW
0,41,3,20.3,267,55.55,MEDIUM
1,71,3,10.18,447,100.0,HIGH
1,23,1,9.9,441,60.18,MEDIUM
0,79,2,27.32,652,49.34,MEDIUM
1,48,2,6.73,2,90.07,HIGH
1,25,3,29.47,520,90.4,HIGH
0,90,3,7.83,651,60.53,MEDIUM
1,36,0,5.97,636,52.68,MEDIUM
0,67,2,9.08,309,41.63,MEDIUM
1,49,1,21.56,522,74.04,HIGH
1,23,2,2.02,469,69.57,HIGH
0,18,0,3.28,212,3.16,LOW
0,99,3,45.38,112,68.56,HIGH
0,59,3,2.89,8,47.01,MEDIUM
0,38,0,12.58,477,14.01,LOW
1,73,1,12.99,460,82.25,HIGH
1,88,3,10.09,253,100.0,HIGH
0,17,4,15.52,526,49.78,MEDIUM
0,18,3,3.92,438,33.59,LOW
0,35,4,12.07,661,53.07,MEDIUM
0,73,0,6.98,236,25.23,LOW
0,96,0,16.26,306,33.1,LOW
0,54,3,2.28,478,57.83,MEDIUM
1,113,2,12.69,679,86.32,HIGH
0,68,4,3.07,20,60.15,MEDIUM
0,46,1,4.9,216,31.98,LOW
1,48,3,3.7,135,86.99,HIGH
0,98,1,3.03,129,33.32,LOW
1,107,3,26.21,410,100.0,HIGH
1,97,2,5.05,422,90.65,HIGH
0,32,2,39.28,294,45.91,MEDIUM
0,118,2,52.56,246,53.64,MEDIUM
0,20,2,12.7,556,33.2,LOW
0,80,0,2.31,86,31.01,LOW
0,21,0,7.04,556,8.98,LOW
0,47,4,23.97,375,73.53,HIGH
0,36,1,6.87,446,33.52,LOW
0,14,3,1.37,378,44.56,MEDIUM
0,34,3,12.21,390,49.36,MEDIUM
1,91,0,27.98,657,76.33,HIGH
0,70,3,23.84,51,69.22,HIGH
0,31,0,2.89,242,16.02,LOW
0,10,4,16.76,294,46.69,MEDIUM
1,9,1,3.74,563,52.63,MEDIUM
0,72,4,3.69,266,67.3,HIGH
0,77,2,31.08,120,47.87,MEDIUM
1,76,2,4.31,248,85.58,HIGH
0,56,2,4.58,70,50.19,MEDIUM
1,24,4,0.01,57,79.05,HIGH
0,1,3,30.68,382,47.29,MEDIUM
0,63,1,23.6,39,47.69,MEDIUM
0,34,2,14.81,443,36.31,MEDIUM
0,6,2,20.81,18,31.46,LOW
0,84,2,2.47,352,45.76,MEDIUM
1,17,1,9.2,298,65.99,MEDIUM
0,66,2,6.49,283,51.86,MEDIUM
0,41,1,1.48,586,20.53,LOW
0,117,2,9.99,110,50.93,MEDIUM
0,38,4,38.03,180,66.21,MEDIUM
0,40,4,0.61,544,57.26,MEDIUM
0,112,1,5.17,25,32.91,LOW
0,74,4,3.49,57,74.79,HIGH
0,102,1,4.08,180,41.42,MEDIUM
0,23,4,35.86,232,56.64,MEDIUM
0,59,4,9.47,343,60.75,MEDIUM
0,45,1,9.42,477,29.65,LOW
0,18,3,21.44,576,46.1,MEDIUM
1,67,4,2.52,455,100.0,HIGH
0,89,2,10.02,232,54.27,MEDIUM
0,101,3,8.43,289,61.48,MEDIUM
0,41,1,13.63,213,36.02,MEDIUM
1,31,3,115.85,258,99.55,HIGH
1,38,0,22.01,530,55.49,MEDIUM
0,108,0,7.61,687,26.3,LOW
0,109,4,26.36,229,78.21,HIGH
1,35,4,2.81,226,95.17,HIGH
0,103,2,0.46,596,47.65,MEDIUM
0,100,3,3.43,435,54.44,MEDIUM
0,96,0,6.24,402,21.72,LOW
0,35,4,10.72,622,57.18,MEDIUM
1,2,3,14.32,88,76.67,HIGH
1,72,4,36.22,584,100.0,HIGH
0,7,4,10.7,542,44.95,MEDIUM
0,96,0,10.44,684,23.43,LOW
0,69,0,0.77,309,30.83,LOW
1,40,4,0.53,343,95.35,HIGH
1,102,1,12.02,436,85.87,HIGH
1,67,4,8.65,177,100.0,HIGH
1,12,4,27.41,139,92.82,HIGH
0,48,2,2.63,194,35.75,MEDIUM
0,59,2,0.38,186,34.27,MEDIUM
0,1,2,8.94,218,15.74,LOW
1,59,1,4.07,164,68.94,HIGH
0,4,1,0.76,161,18.79,LOW
0,43,4,19.34,525,64.3,MEDIUM
0,26,2,1.77,601,33.31,LOW
0,31,1,14.06,42,16.03,LOW
0,20,0,4.95,210,3.83,LOW
0,7,4,2.86,275,48.21,MEDIUM
0,101,3,7.16,279,58.58,MEDIUM
0,71,4,24.25,251,71.54,HIGH
0,49,3,7.47,310,55.48,MEDIUM
0,66,2,20.84,140,59.43,MEDIUM
1,117,3,2.01,546,94.5,HIGH
0,43,2,22.23,530,44.93,MEDIUM
0,57,0,4.06,57,25.93,LOW
1,2,3,16.97,112,87.88,HIGH
0,85,4,12.51,5,58.26,MEDIUM
1,69,2,39.71,410,100.0,HIGH
0,1,4,7.35,414,42.05,MEDIUM
0,86,1,1.03,182,38.14,MEDIUM
0,43,2,0.29,13,34.72,MEDIUM
0,1,3,26.3,339,38.06,MEDIUM
0,101,2,11.16,259,51.91,MEDIUM
0,80,4,22.39,90,87.28,HIGH
1,34,0,4.01,616,59.41,MEDIUM
0,97,2,6.35,698,42.66,MEDIUM
1,86,3,0.46,250,93.02,HIGH
0,29,1,48.85,255,34.47,MEDIUM
1,115,0,16.53,588,60.98,MEDIUM
0,7,1,40.59,108,23.44,LOW
0,21,2,4.63,668,33.8,LOW
0,43,4,14.18,594,55.8,MEDIUM
0,57,4,17.02,589,74.1,HIGH
1,35,3,5.73,485,88.74,HIGH
0,68,4,28.27,258,69.81,HIGH
0,76,0,44.11,639,37.53,MEDIUM
0,92,4,32.42,282,82.72,HIGH
0,30,3,20.15,88,52.21,MEDIUM
1,46,2,4.87,204,80.67,HIGH
1,120,2,4.96,16,85.3,HIGH
1,54,4,49.6,151,100.0,HIGH
0,79,1,0.16,254,32.49,LOW
0,105,2,18.88,188,40.14,MEDIUM
1,61,4,18.38,329,100.0,HIGH
0,29,3,14.62,544,47.25,MEDIUM
1,120,4,69.24,397,100.0,HIGH
1,54,2,5.61,517,83.89,HIGH
1,15,3,6.23,459,74.44,HIGH
0,11,4,1.23,330,44.02,MEDIUM
0,16,0,8.77,169,1.3,LOW
1,15,3,4.54,693,89.0,HIGH
0,11,0,6.31,366,0.3,LOW
0,7,1,26.99,178,15.85,LOW
0,83,3,41.11,655,65.13,MEDIUM
1,2,0,3.08,362,48.2,MEDIUM
0,15,2,6.99,639,28.42,LOW
0,29,2,39.6,40,37.78,MEDIUM
0,108,1,0.96,416,41.56,MEDIUM
0,22,3,1.45,355,43.26,MEDIUM
1,91,3,2.67,255,98.49,HIGH
0,114,3,13.57,143,62.65,MEDIUM
0,103,1,2.45,577,47.71,MEDIUM
1,117,3,51.67,11,100.0,HIGH
1,4,2,8.88,620,60.9,MEDIUM
0,83,0,10.44,26,36.25,MEDIUM
1,103,2,4.25,421,88.19,HIGH
0,119,2,9.55,663,50.36,MEDIUM
0,107,0,16.27,221,21.42,LOW
1,64,2,20.87,496,90.41,HIGH
1,120,1,21.03,237,77.24,HIGH
1,29,0,12.94,237,60.11,MEDIUM
1,20,2,35.21,219,84.25,HIGH
0,83,4,25.51,487,62.28,MEDIUM
0,69,2,21.22,461,51.26,MEDIUM
1,21,1,0.86,663,64.62,MEDIUM
0,81,3,0.1,635,54.1,MEDIUM
1,71,2,3.58,144,89.72,HIGH
1,102,3,16.34,189,100.0,HIGH
1,31,4,7.94,255,97.01,HIGH
0,32,2,7.72,68,34.29,MEDIUM
0,116,0,32.39,616,28.63,LOW
0,15,3,33.89,336,40.81,MEDIUM
0,75,4,35.98,671,79.34,HIGH
0,37,0,5.65,409,17.21,LOW
0,115,0,17.62,300,29.59,LOW
0,97,0,4.75,602,24.31,LOW
0,13,0,3.17,357,4.84,LOW
0,35,2,3.06,256,40.74,MEDIUM
0,96,2,6.28,353,45.21,MEDIUM
0,22,2,8.43,521,24.99,LOW
1,113,4,26.66,524,100.0,HIGH
0,108,4,1.92,694,64.55,MEDIUM
0,65,4,19.92,284,71.13,HIGH
0,104,1,11.37,312,46.45,MEDIUM
1,84,4,5.09,99,100.0,HIGH
0,1,2,10.18,197,24.92,LOW
0,90,2,5.35,482,40.71,MEDIUM
0,120,1,13.6,226,37.98,MEDIUM
0,72,1,8.53,615,40.61,MEDIUM
0,64,4,2.69,618,58.03,MEDIUM
0,74,3,1.86,365,56.56,MEDIUM
0,66,1,11.87,368,39.06,MEDIUM
1,51,0,34.91,570,71.93,HIGH
1,61,2,6.32,590,92.08,HIGH
0,22,0,19.81,75,16.78,LOW
0,25,2,16.12,42,42.64,MEDIUM
1,67,2,40.23,422,92.1,HIGH
0,81,1,25.8,181,43.42,MEDIUM
0,54,1,12.54,545,36.68,MEDIUM
0,5,0,16.05,71,1.55,LOW
0,34,2,34.3,568,49.24,MEDIUM
1,21,0,7.65,105,62.67,MEDIUM
1,42,3,5.94,200,89.2,HIGH
0,14,0,0.16,101,8.41,LOW
0,85,4,26.28,307,73.31,HIGH
0,59,0,24.22,586,28.28,LOW
0,100,4,1.65,683,56.39,MEDIUM
0,115,4,12.9,377,65.34,MEDIUM
0,105,4,9.35,655,60.85,MEDIUM
1,11,3,1.9,678,83.67,HIGH
0,110,0,59.11,399,39.42,MEDIUM
0,48,0,3.63,221,19.36,LOW
1,41,3,1.04,595,91.84,HIGH
1,37,2,13.55,182,73.87,HIGH
0,81,1,20.14,307,37.21,MEDIUM
0,44,0,0.49,522,18.82,LOW
0,34,1,16.13,396,34.15,MEDIUM
0,29,3,11.4,4,48.01,MEDIUM
0,87,2,1.63,281,46.73,MEDIUM
1,105,2,2.84,215,86.24,HIGH
0,29,2,12.59,610,37.86,MEDIUM
0,77,3,5.27,420,57.59,MEDIUM
0,5,4,41.79,101,49.47,MEDIUM
0,66,4,25.62,521,72.92,HIGH
1,79,1,61.63,573,84.63,HIGH
1,6,4,4.51,309,84.26,HIGH
0,51,4,52.46,658,73.85,HIGH
0,13,2,8.46,510,40.65,MEDIUM
0,72,2,6.4,63,46.72,MEDIUM
0,14,1,0.77,633,9.04,LOW
0,20,0,0.81,226,7.91,LOW
0,34,1,17.67,105,32.06,LOW
0,65,1,9.19,425,46.12,MEDIUM
0,90,3,3.85,255,53.21,MEDIUM
0,1,3,14.28,429,26.79,LOW
0,34,1,4.37,434,29.56,LOW
0,81,1,12.93,207,31.98,LOW
0,77,1,6.68,28,34.82,MEDIUM
0,19,4,26.02,682,54.43,MEDIUM
1,81,3,25.78,336,100.0,HIGH
0,9,1,9.73,588,20.11,LOW
0,24,2,6.48,628,28.53,LOW
0,65,2,6.75,69,45.66,MEDIUM
0,24,4,24.58,513,57.3,MEDIUM
0,53,4,5.97,167,64.62,MEDIUM
0,32,0,3.52,368,14.88,LOW
1,35,0,1.33,251,57.16,MEDIUM
0,94,0,9.43,686,32.05,LOW
0,13,4,9.87,170,50.34,MEDIUM
0,64,4,27.57,90,75.54,HIGH
0,109,4,3.75,561,58.21,MEDIUM
0,79,2,7.19,446,47.41,MEDIUM
1,53,4,24.79,294,100.0,HIGH
0,109,2,26.03,150,56.45,MEDIUM
1,51,0,7.28,132,59.97,MEDIUM
1,2,0,9.22,433,40.3,MEDIUM
0,98,0,5.42,59,23.76,LOW
0,40,1,40.45,199,41.48,MEDIUM
0,5,1,1.89,215,17.82,LOW
0,24,3,40.71,561,50.18,MEDIUM
0,12,3,17.27,472,44.72,MEDIUM
0,116,3,11.38,247,59.03,MEDIUM
0,97,1,0.5,382,34.53,MEDIUM
0,7,1,9.68,239,14.76,LOW
1,20,3,7.86,367,84.42,HIGH
0,97,3,2.64,168,57.42,MEDIUM
1,67,4,16.02,560,100.0,HIGH
0,24,3,53.19,51,50.74,MEDIUM
0,78,4,12.39,610,71.31,HIGH
0,67,2,18.82,689,48.0,MEDIUM
0,44,1,1.06,380,24.3,LOW
1,59,3,8.11,474,96.96,HIGH
1,11,1,1.86,80,55.83,MEDIUM
1,31,1,14.23,697,81.78,HIGH
0,95,1,41.83,367,46.63,MEDIUM
0,91,2,16.26,461,44.23,MEDIUM
1,12,0,1.2,539,46.73,MEDIUM
1,30,3,6.57,452,74.1,HIGH
1,77,0,12.0,464,68.14,HIGH
0,19,0,7.74,478,10.32,LOW
0,17,0,26.9,420,19.13,LOW
1,92,1,25.28,214,87.45,HIGH
0,59,4,14.19,369,66.32,MEDIUM
1,62,1,7.01,114,76.35,HIGH
1,5,1,4.42,503,49.58,MEDIUM
0,31,0,1.68,636,7.78,LOW
1,92,1,6.58,588,78.52,HIGH
1,42,0,8.0,311,53.53,MEDIUM
0,1,4,16.9,469,43.41,MEDIUM
1,59,3,16.1,44,94.44,HIGH
0,22,0,1.09,415,12.24,LOW
1,82,4,7.54,698,100.0,HIGH
0,30,3,3.01,246,36.9,MEDIUM
1,114,2,2.56,84,76.5,HIGH
0,4,0,26.34,207,8.94,LOW
0,82,0,0.64,151,25.27,LOW
1,33,2,8.15,668,77.29,HIGH
0,9,2,2.76,528,22.35,LOW
0,88,0,31.72,165,33.51,LOW
1,1,2,12.21,145,65.92,MEDIUM
1,10,1,3.95,37,60.55,MEDIUM
0,49,3,10.47,333,43.78,MEDIUM
0,30,3,19.72,403,46.57,MEDIUM
0,55,3,47.59,414,68.26,HIGH
0,78,1,3.74,45,31.53,LOW
0,72,2,32.6,402,63.44,MEDIUM
0,86,4,40.84,206,74.07,HIGH
1,82,2,37.23,62,95.96,HIGH
1,8,0,15.13,420,50.65,MEDIUM
1,98,3,14.91,468,96.52,HIGH
0,20,2,7.74,19,21.42,LOW
0,72,4,20.94,365,69.14,HIGH
0,27,0,11.37,300,19.81,LOW
0,61,1,16.97,7,38.41,MEDIUM
0,109,1,8.39,428,33.28,LOW
1,114,4,19.72,117,100.0,HIGH
0,6,0,26.1,580,8.68,LOW
0,79,3,2.38,507,53.16,MEDIUM
0,15,2,26.84,546,35.05,MEDIUM
1,96,0,11.66,325,72.35,HIGH
0,3,1,27.93,55,31.54,LOW
0,3,4,8.47,42,47.93,MEDIUM
0,102,4,7.15,297,72.94,HIGH
1,39,2,36.99,231,84.82,HIGH
0,16,4,4.34,453,42.84,MEDIUM
1,100,4,27.89,394,100.0,HIGH
1,102,0,9.93,522,68.51,HIGH
0,51,3,10.83,358,49.11,MEDIUM
0,92,2,5.53,444,45.78,MEDIUM
1,51,0,12.77,128,67.08,HIGH
0,35,3,5.9,691,48.16,MEDIUM
0,37,0,0.6,405,18.12,LOW
1,102,0,4.76,392,67.88,HIGH
1,49,4,0.1,193,97.91,HIGH
1,62,3,57.49,604,100.0,HIGH
1,100,2,50.61,78,94.01,HIGH
0,115,2,7.54,85,56.19,MEDIUM
0,62,3,19.55,30,60.93,MEDIUM
1,61,4,6.37,49,100.0,HIGH
0,98,1,16.68,145,35.36,MEDIUM
0,6,0,24.55,69,24.54,LOW
1,26,4,43.99,58,98.66,HIGH
0,91,3,7.67,697,55.16,MEDIUM
0,85,0,22.94,574,33.96,LOW
0,13,2,4.64,479,29.81,LOW
0,70,1,69.58,445,54.79,MEDIUM
0,100,2,0.39,296,54.16,MEDIUM
0,85,3,13.88,678,61.69,MEDIUM
0,4,0,16.16,171,1.23,LOW
0,54,3,17.47,575,56.46,MEDIUM
1,1,0,1.92,147,42.53,MEDIUM
0,61,4,41.84,484,87.89,HIGH
1,90,1,3.0,306,68.91,HIGH
0,20,4,14.62,673,58.73,MEDIUM
0,117,4,3.78,653,67.03,HIGH
1,101,3,5.51,609,100.0,HIGH
0,78,1,11.86,446,38.05,MEDIUM
1,20,0,8.1,221,46.55,MEDIUM
0,9,0,2.62,555,8.29,LOW
1,86,2,2.81,378,89.12,HIGH
0,57,0,8.12,620,31.05,LOW
1,119,3,21.24,266,100.0,HIGH
0,38,4,34.24,95,63.11,MEDIUM
1,4,4,1.32,262,74.27,HIGH
0,64,4,7.49,71,71.34,HIGH
0,12,1,1.58,219,17.59,LOW
1,84,0,0.25,533,60.25,MEDIUM
0,89,3,16.26,92,57.19,MEDIUM
0,113,1,13.84,127,36.82,MEDIUM
0,108,2,2.67,80,38.39,MEDIUM
0,84,3,3.99,238,52.11,MEDIUM
0,52,3,0.36,372,46.11,MEDIUM
0,81,3,27.02,486,61.04,MEDIUM
1,100,4,55.15,694,100.0,HIGH
0,44,3,2.18,25,40.85,MEDIUM
0,31,0,3.95,156,24.21,LOW
1,35,3,30.42,517,99.97,HIGH
1,80,4,39.15,632,100.0,HIGH
0,98,3,8.16,530,58.81,MEDIUM
0,112,2,0.78,57,47.32,MEDIUM
0,59,2,0.6,605,50.72,MEDIUM
0,10,4,12.8,19,43.91,MEDIUM
0,62,0,7.49,384,32.71,LOW
0,20,0,0.44,193,5.73,LOW
0,51,1,13.13,237,28.51,LOW
0,54,4,0.17,387,66.17,MEDIUM
1,116,3,23.22,426,100.0,HIGH
1,25,4,5.49,277,100.0,HIGH
0,67,1,0.62,227,29.19,LOW
0,33,4,13.31,552,61.24,MEDIUM
0,51,4,7.6,323,61.48,MEDIUM
1,111,1,54.63,153,93.92,HIGH
0,81,0,11.79,639,21.18,LOW
0,103,3,4.83,237,50.14,MEDIUM
1,98,1,18.54,55,76.68,HIGH
1,104,2,4.75,436,86.82,HIGH
1,92,0,35.19,684,72.35,HIGH
1,51,2,7.04,109,86.66,HIGH
0,28,0,11.97,184,20.39,LOW
0,37,3,0.78,368,48.65,MEDIUM
1,41,3,8.33,198,97.68,HIGH
1,20,4,26.79,371,98.45,HIGH
0,41,2,24.57,373,38.37,MEDIUM
0,12,0,3.81,497,12.96,LOW
0,112,3,3.84,599,53.13,MEDIUM
1,104,1,25.5,201,87.2,HIGH
1,63,3,39.97,509,100.0,HIGH
0,16,1,1.5,322,19.4,LOW
0,119,0,8.97,275,20.21,LOW
0,8,3,6.17,211,30.59,LOW
1,40,3,30.68,504,100.0,HIGH
1,0,0,1.31,118,39.55,MEDIUM
1,1,3,3.56,554,71.88,HIGH
0,59,1,20.94,42,44.66,MEDIUM
0,47,3,0.79,315,53.3,MEDIUM
0,28,2,10.17,329,36.11,MEDIUM
0,96,4,8.75,17,66.58,MEDIUM
1,9,1,6.11,283,54.02,MEDIUM
1,113,2,7.53,258,91.55,HIGH
1,57,0,11.32,575,69.91,HIGH
1,59,1,2.64,574,74.09,HIGH
0,103,4,12.73,612,74.23,HIGH
1,20,4,24.55,19,95.05,HIGH
1,27,0,21.42,529,53.42,MEDIUM
1,74,0,2.51,423,61.96,MEDIUM
0,118,1,2.42,466,30.83,LOW
0,33,3,4.68,373,43.79,MEDIUM
0,7,0,6.72,81,11.1,LOW
1,58,3,7.88,551,92.51,HIGH
0,85,2,17.08,548,51.07,MEDIUM
0,71,4,0.88,424,61.98,MEDIUM
0,48,3,0.53,429,48.86,MEDIUM
0,78,4,7.46,388,59.69,MEDIUM
0,16,3,17.92,670,40.94,MEDIUM
0,59,2,3.22,204,44.58,MEDIUM
0,86,0,15.39,196,32.32,LOW
0,87,2,4.51,285,47.47,MEDIUM
1,44,0,32.58,196,62.12,MEDIUM
0,82,0,33.91,307,40.59,MEDIUM
1,68,4,5.29,664,100.0,HIGH
0,31,2,3.92,14,35.08,MEDIUM
0,43,3,7.95,146,50.26,MEDIUM
1,64,2,4.13,57,83.65,HIGH
0,86,4,16.74,210,71.11,HIGH
0,100,0,26.24,529,35.25,MEDIUM
0,7,4,16.77,344,39.21,MEDIUM
1,76,1,26.09,611,80.13,HIGH
0,71,1,7.59,279,36.0,MEDIUM
1,120,3,2.55,209,97.05,HIGH
0,86,4,20.09,641,76.99,HIGH
0,42,3,6.71,335,45.65,MEDIUM
0,0,3,16.69,288,32.52,LOW
0,108,1,4.73,252,33.86,LOW
0,50,3,1.27,265,47.21,MEDIUM
0,23,1,73.56,271,32.85,LOW
0,98,0,2.55,700,29.62,LOW
1,23,4,66.88,419,99.31,HIGH
0,16,3,56.77,211,53.81,MEDIUM
0,4,1,23.68,365,10.26,LOW
1,19,2,16.16,76,69.96,HIGH
0,20,3,12.93,660,40.56,MEDIUM
0,103,0,30.16,321,42.42,MEDIUM
1,57,0,5.13,433,63.91,MEDIUM
1,30,2,9.46,109,64.33,MEDIUM
0,109,1,14.49,641,29.35,LOW
1,99,3,7.94,522,97.55,HIGH
0,10,1,8.37,47,19.75,LOW
0,51,0,6.01,379,24.93,LOW
0,14,1,12.46,96,20.41,LOW
1,82,0,28.51,103,79.36,HIGH
0,6,1,3.38,146,10.82,LOW
0,114,2,40.87,27,61.74,MEDIUM
0,27,4,17.52,530,48.35,MEDIUM
0,50,2,26.0,679,44.11,MEDIUM
0,106,2,12.19,82,39.62,MEDIUM
0,57,4,22.68,428,69.18,HIGH
0,4,4,0.24,584,41.51,MEDIUM
0,4,3,25.59,479,39.91,MEDIUM
0,93,3,0.61,162,55.49,MEDIUM
0,117,2,33.1,402,50.29,MEDIUM
0,95,2,72.36,508,59.05,MEDIUM
0,7,0,5.22,38,0.0,LOW
1,63,0,3.54,511,72.88,HIGH
0,9,3,21.75,393,38.76,MEDIUM
0,37,3,4.38,494,44.29,MEDIUM
0,110,0,30.1,200,41.97,MEDIUM
0,95,0,1.63,255,19.28,LOW
0,111,1,2.02,179,29.98,LOW
0,91,1,58.06,547,44.52,MEDIUM
0,80,0,16.81,594,29.7,LOW
0,94,1,28.15,389,45.6,MEDIUM
0,7,4,5.88,398,48.38,MEDIUM
0,103,3,16.93,158,72.94,HIGH
0,24,3,13.53,4,32.81,LOW
0,72,0,13.86,167,32.2,LOW
0,65,2,17.21,468,47.38,MEDIUM
0,78,0,12.85,409,25.92,LOW
0,49,1,8.41,412,29.84,LOW
0,66,2,4.84,204,41.91,MEDIUM
1,48,1,21.95,194,85.01,HIGH
0,35,4,3.85,235,59.95,MEDIUM
0,67,1,17.68,150,40.42,MEDIUM
1,77,4,3.99,159,100.0,HIGH
1,104,4,14.73,279,100.0,HIGH
0,40,1,20.62,404,26.2,LOW
0,88,1,3.7,678,25.22,LOW
1,118,4,0.93,311,100.0,HIGH
1,61,2,2.11,68,86.44,HIGH
0,113,4,13.97,463,69.71,HIGH
0,9,3,28.4,88,43.02,MEDIUM
0,20,4,0.69,217,41.49,MEDIUM
0,35,2,19.87,1,44.56,MEDIUM
0,11,3,6.26,135,37.66,MEDIUM
0,90,0,9.77,697,31.6,LOW
0,103,0,39.65,351,27.43,LOW
1,1,2,6.05,140,63.79,MEDIUM
0,117,4,9.39,618,61.88,MEDIUM
0,12,1,0.21,133,13.08,LOW
1,52,2,1.28,620,84.72,HIGH
1,31,3,4.49,178,84.72,HIGH
0,94,3,0.42,358,50.87,MEDIUM
0,15,0,14.97,380,10.77,LOW
0,31,3,8.34,658,37.76,MEDIUM
0,31,2,11.92,450,42.24,MEDIUM
0,97,3,2.88,586,54.84,MEDIUM
0,10,2,5.26,463,31.34,LOW
0,9,1,16.35,108,16.02,LOW
0,14,0,50.42,122,18.22,LOW
0,16,3,0.78,17,33.08,LOW
0,39,2,33.16,196,50.58,MEDIUM
0,17,4,12.9,327,47.41,MEDIUM
0,54,0,12.45,318,29.46,LOW
0,72,1,10.41,479,36.21,MEDIUM
1,24,2,1.08,252,60.44,MEDIUM
0,103,1,1.41,503,32.57,LOW
0,58,1,13.78,119,32.41,LOW
1,77,3,6.25,674,97.04,HIGH
0,88,3,37.38,498,60.26,MEDIUM
0,113,2,7.83,486,51.98,MEDIUM
0,21,4,2.32,45,48.99,MEDIUM
0,115,2,18.81,314,49.76,MEDIUM
1,29,4,5.21,179,96.93,HIGH
0,83,1,11.18,418,43.17,MEDIUM
0,84,0,17.95,556,30.28,LOW
0,43,2,34.58,78,44.43,MEDIUM
0,31,2,23.57,326,31.12,LOW
0,50,4,16.92,690,62.48,MEDIUM
0,45,1,17.07,357,30.78,LOW
0,112,1,43.76,416,48.66,MEDIUM
1,119,4,5.26,515,100.0,HIGH
0,20,1,0.02,214,21.78,LOW
0,98,3,4.76,74,53.36,MEDIUM
0,31,0,3.69,563,13.74,LOW
0,93,2,16.26,579,55.8,MEDIUM
0,118,0,15.07,509,31.23,LOW
0,38,2,13.5,332,39.58,MEDIUM
0,112,3,0.25,93,52.07,MEDIUM
0,11,1,19.57,688,17.29,LOW
0,104,4,5.86,657,62.5,MEDIUM
1,46,3,16.41,519,91.38,HIGH
0,17,0,12.2,269,14.52,LOW
0,20,4,6.29,376,49.11,MEDIUM
0,12,1,2.17,4,8.9,LOW
1,20,3,1.49,138,87.62,HIGH
0,7,4,26.71,231,52.53,MEDIUM
0,45,3,37.59,600,52.99,MEDIUM
1,103,3,15.74,529,97.51,HIGH
1,109,1,1.64,52,76.05,HIGH
1,6,2,7.71,646,73.34,HIGH
0,22,4,19.58,325,49.5,MEDIUM
0,107,1,22.7,277,46.69,MEDIUM
0,95,3,1.89,536,62.56,MEDIUM
1,74,1,0.0,486,71.86,HIGH
0,85,2,18.68,516,49.22,MEDIUM
0,21,4,6.61,152,45.55,MEDIUM
0,106,2,4.41,483,45.31,MEDIUM
1,88,0,0.19,259,64.87,MEDIUM
0,21,4,11.66,324,55.55,MEDIUM
0,91,2,28.57,168,59.02,MEDIUM
0,28,3,47.42,688,52.15,MEDIUM
0,12,4,12.51,310,38.92,MEDIUM
0,81,4,10.84,479,68.15,HIGH
0,1,1,1.33,56,12.28,LOW
0,28,3,11.94,620,46.5,MEDIUM
0,84,0,7.17,473,25.52,LOW
0,78,2,14.01,296,49.83,MEDIUM
0,51,1,7.38,461,41.04,MEDIUM
0,26,2,4.12,324,33.98,LOW
0,49,0,1.5,141,19.0,LOW
0,94,0,5.67,667,24.2,LOW
0,78,4,1.52,262,64.61,MEDIUM
0,114,0,2.92,420,34.06,MEDIUM
0,22,2,65.54,241,43.25,MEDIUM
1,87,3,8.81,355,97.54,HIGH
0,43,3,11.39,589,48.92,MEDIUM
1,76,4,31.03,180,100.0,HIGH
0,21,2,81.29,66,53.55,MEDIUM
0,42,2,13.11,348,43.69,MEDIUM
1,36,0,25.11,171,62.95,MEDIUM
0,60,2,5.94,474,46.97,MEDIUM
0,96,1,5.47,534,24.72,LOW
0,55,0,7.73,367,28.96,LOW
0,2,1,16.74,107,16.53,LOW
1,62,4,17.19,439,100.0,HIGH
1,117,3,5.68,227,93.15,HIGH
1,18,4,2.14,444,86.22,HIGH
0,22,3,15.01,442,41.61,MEDIUM
1,28,4,2.06,396,97.39,HIGH
1,29,2,12.96,581,74.08,HIGH
0,38,1,17.73,84,41.57,MEDIUM
0,107,3,18.09,615,62.58,MEDIUM
1,110,0,21.0,551,64.92,MEDIUM
0,24,1,30.94,13,28.64,LOW
1,100,0,10.4,693,64.86,MEDIUM
0,110,1,19.65,493,29.92,LOW
1,7,1,14.48,268,65.26,MEDIUM
0,105,4,3.1,525,69.45,HIGH
0,57,3,0.39,120,56.53,MEDIUM
0,15,3,5.02,353,38.58,MEDIUM
1,71,1,8.78,57,70.72,HIGH
0,0,2,14.4,40,21.9,LOW
0,107,2,28.45,336,57.74,MEDIUM
0,4,0,3.28,640,0.0,LOW
1,2,0,2.01,173,28.78,LOW
0,64,4,49.65,547,78.76,HIGH
1,3,1,1.72,259,51.06,MEDIUM
0,103,0,9.77,517,28.61,LOW
0,98,0,13.21,523,32.61,LOW
0,95,1,11.69,117,41.7,MEDIUM
0,63,4,1.35,184,66.7,MEDIUM
1,105,0,0.88,116,71.24,HIGH
0,97,4,1.67,162,57.91,MEDIUM
0,106,3,13.21,579,61.49,MEDIUM
1,88,4,11.79,543,100.0,HIGH
0,9,2,3.99,587,18.75,LOW
0,20,2,15.23,237,25.39,LOW
1,45,4,25.73,66,100.0,HIGH
0,102,2,0.64,70,41.88,MEDIUM
0,90,3,10.34,447,61.87,MEDIUM
1,26,1,17.53,416,63.02,MEDIUM
0,65,2,4.36,532,42.03,MEDIUM
0,40,2,5.52,441,35.26,MEDIUM
0,111,4,14.26,464,74.87,HIGH
1,12,3,34.23,396,85.33,HIGH
0,8,1,24.91,551,19.91,LOW
0,115,4,13.12,657,68.39,HIGH
1,35,4,19.65,557,100.0,HIGH
1,85,3,6.81,395,93.3,HIGH
0,105,1,15.37,326,46.19,MEDIUM
0,89,3,9.42,91,58.88,MEDIUM
0,57,1,3.16,70,33.9,LOW
1,53,3,18.15,166,100.0,HIGH
0,11,4,12.19,642,42.96,MEDIUM
0,80,4,6.66,214,65.23,MEDIUM
1,77,0,36.34,601,69.74,HIGH
1,13,2,0.32,335,70.27,HIGH
0,120,3,5.69,369,65.15,MEDIUM
1,33,0,0.88,584,62.36,MEDIUM
0,52,2,21.82,677,54.33,MEDIUM
1,120,3,18.17,49,99.46,HIGH
0,19,1,6.04,52,17.9,LOW
0,74,2,16.89,289,41.71,MEDIUM
1,15,4,7.56,626,98.7,HIGH
0,114,0,21.17,239,33.7,LOW
0,94,2,9.08,133,45.26,MEDIUM
1,118,2,7.97,166,94.03,HIGH
1,69,4,40.94,374,100.0,HIGH
0,55,3,4.33,373,56.25,MEDIUM
0,82,1,1.93,478,34.72,MEDIUM
0,100,4,13.18,479,72.15,HIGH
0,57,1,52.26,650,48.43,MEDIUM
0,3,3,7.12,591,26.13,LOW
0,110,2,0.96,682,45.67,MEDIUM
1,3,1,6.22,635,58.36,MEDIUM
0,19,0,10.58,688,10.94,LOW
0,9,0,2.65,300,8.42,LOW
0,23,4,16.1,82,49.19,MEDIUM
1,117,3,91.45,87,100.0,HIGH
0,98,4,9.02,225,64.58,MEDIUM
0,25,4,6.57,16,56.12,MEDIUM
0,36,4,7.68,358,57.46,MEDIUM
0,101,0,1.83,163,29.0,LOW
0,84,0,32.22,610,40.1,MEDIUM
1,53,4,8.04,668,100.0,HIGH
1,103,0,7.35,514,68.57,HIGH
0,102,3,16.17,350,54.86,MEDIUM
0,20,4,8.75,681,50.94,MEDIUM
1,73,0,15.67,464,67.04,HIGH
1,37,1,0.95,375,63.98,MEDIUM
0,45,4,25.21,92,64.44,MEDIUM
0,3,4,42.33,181,49.05,MEDIUM
0,59,3,15.69,301,49.5,MEDIUM
0,56,2,46.37,660,53.9,MEDIUM
1,44,2,2.46,189,80.04,HIGH
1,19,3,9.73,314,74.09,HIGH
1,16,3,13.81,493,80.89,HIGH
0,118,3,13.07,128,68.42,HIGH
0,70,2,7.7,519,52.43,MEDIUM
1,3,3,6.19,426,81.32,HIGH
1,92,0,2.03,559,67.56,HIGH
0,13,4,7.46,565,53.49,MEDIUM
1,2,4,2.66,187,78.01,HIGH
1,87,1,19.88,550,77.74,HIGH
0,100,1,3.51,453,22.36,LOW
0,79,4,0.91,471,71.2,HIGH
0,57,0,12.06,565,35.07,MEDIUM
0,54,2,13.57,224,43.81,MEDIUM
0,115,2,30.83,154,52.98,MEDIUM
1,3,0,12.91,560,41.35,MEDIUM
0,119,2,6.36,351,48.82,MEDIUM
0,23,3,24.37,147,52.52,MEDIUM
0,33,4,11.66,576,48.53,MEDIUM
0,29,4,1.24,349,54.5,MEDIUM
1,81,0,12.52,182,67.37,HIGH
0,18,2,35.79,637,38.8,MEDIUM
0,30,1,7.57,179,27.07,LOW
1,59,1,5.27,39,75.22,HIGH
0,59,2,2.32,3,44.76,MEDIUM
0,18,1,2.46,64,17.17,LOW
0,48,0,8.5,29,27.4,LOW
0,62,0,13.58,372,31.17,LOW
0,109,2,1.26,523,46.48,MEDIUM
0,82,1,42.09,97,41.27,MEDIUM
0,21,0,21.11,442,13.19,LOW
1,23,0,13.25,203,58.05,MEDIUM
0,108,3,26.44,411,63.12,MEDIUM
0,75,3,1.25,21,58.67,MEDIUM
0,29,0,9.72,551,23.83,LOW
0,57,2,14.92,102,53.42,MEDIUM
0,101,4,26.46,46,73.4,HIGH
0,116,4,22.95,66,69.33,HIGH
1,30,0,4.87,603,41.19,MEDIUM
0,99,0,42.42,164,36.88,MEDIUM
0,63,0,1.99,111,23.97,LOW
0,18,2,31.21,338,38.81,MEDIUM
1,47,3,53.08,123,100.0,HIGH
0,44,0,2.92,447,17.61,LOW
0,99,0,19.21,611,21.87,LOW
0,93,1,0.62,291,30.49,LOW
1,54,2,7.8,671,87.22,HIGH
0,112,0,10.89,412,36.85,MEDIUM
1,54,1,13.04,615,75.92,HIGH
0,96,4,41.22,281,79.01,HIGH
0,17,0,16.73,43,16.86,LOW
0,62,0,9.85,486,23.9,LOW
0,115,1,24.89,596,44.3,MEDIUM
0,112,2,45.1,51,54.83,MEDIUM
0,91,0,0.33,210,29.42,LOW
1,46,4,60.7,126,100.0,HIGH
0,74,0,1.35,492,26.9,LOW
0,56,4,25.26,509,67.0,HIGH
0,117,3,4.93,581,60.01,MEDIUM
0,44,3,2.13,258,59.4,MEDIUM
0,32,4,8.69,188,50.9,MEDIUM
0,16,2,15.49,230,29.61,LOW
0,69,0,7.19,189,28.32,LOW
1,3,0,0.84,415,45.43,MEDIUM
1,19,3,13.72,10,79.23,HIGH
0,111,4,34.9,114,61.3,MEDIUM
0,46,0,7.25,76,28.14,LOW
0,90,0,3.66,676,29.9,LOW
0,14,2,8.77,502,19.75,LOW
0,69,1,0.74,85,32.18,LOW
0,46,3,25.76,49,64.74,MEDIUM
1,77,3,26.26,495,100.0,HIGH
0,74,1,13.3,689,43.68,MEDIUM
0,102,0,6.53,387,26.08,LOW
0,8,2,24.13,389,30.99,LOW
0,89,2,12.13,218,47.98,MEDIUM
0,15,3,26.22,346,49.76,MEDIUM
0,68,2,14.97,230,45.11,MEDIUM
0,120,1,23.02,255,37.88,MEDIUM
1,115,0,13.69,236,74.16,HIGH
0,60,1,8.02,26,37.18,MEDIUM
0,9,4,47.53,584,64.9,MEDIUM
0,49,3,11.68,261,50.56,MEDIUM
0,2,2,13.94,271,24.74,LOW
0,76,4,3.74,123,61.51,MEDIUM
1,106,2,14.74,656,89.46,HIGH
1,112,0,12.72,257,61.42,MEDIUM
1,93,0,3.07,656,63.48,MEDIUM
0,117,0,0.92,421,18.09,LOW
0,108,2,13.91,259,52.64,MEDIUM
0,69,4,21.64,47,75.07,HIGH
0,80,0,11.12,525,19.68,LOW
1,108,4,3.86,208,100.0,HIGH
0,50,2,16.47,311,58.26,MEDIUM
0,116,4,1.25,149,65.61,MEDIUM
0,18,2,8.75,438,26.92,LOW
0,41,2,2.68,155,52.01,MEDIUM
0,34,3,3.06,678,38.49,MEDIUM
0,45,2,3.39,90,39.87,MEDIUM
0,25,2,7.33,698,33.51,LOW
1,114,1,0.79,358,81.96,HIGH
1,68,0,7.61,174,69.08,HIGH
0,92,3,10.75,217,55.73,MEDIUM
0,63,3,9.9,456,53.21,MEDIUM
0,36,3,7.24,609,45.46,MEDIUM
0,83,1,27.41,629,38.19,MEDIUM
0,48,2,2.36,199,40.95,MEDIUM
0,20,0,10.57,486,8.68,LOW
0,73,4,0.96,533,57.82,MEDIUM
0,63,2,1.11,200,51.61,MEDIUM
0,4,1,12.8,371,13.02,LOW
0,99,2,12.52,448,42.42,MEDIUM
1,69,2,31.56,248,93.63,HIGH
1,89,1,12.24,264,79.01,HIGH
0,3,3,48.2,58,36.98,MEDIUM
1,102,3,0.75,302,96.88,HIGH
0,38,0,1.55,31,11.06,LOW
1,113,0,0.68,498,73.76,HIGH
1,34,3,3.07,249,87.71,HIGH
0,0,4,11.69,605,41.51,MEDIUM
0,23,2,15.56,271,30.53,LOW
0,56,4,0.7,606,63.02,MEDIUM
0,99,2,43.77,666,61.19,MEDIUM
0,69,3,27.69,394,63.18,MEDIUM
0,40,0,5.28,502,17.16,LOW
0,53,0,1.2,592,22.74,LOW
1,45,4,2.79,84,96.57,HIGH
1,59,0,2.04,365,63.48,MEDIUM
0,107,3,1.97,549,45.16,MEDIUM
0,59,4,10.96,342,72.74,HIGH
0,56,2,4.23,407,46.1,MEDIUM
0,30,0,6.65,425,10.63,LOW
1,83,1,68.35,93,99.49,HIGH
0,23,0,17.3,614,15.21,LOW
0,88,2,44.63,412,53.21,MEDIUM
0,35,4,2.31,432,59.56,MEDIUM
0,84,2,7.22,678,49.16,MEDIUM
0,29,1,12.14,159,27.7,LOW
1,23,3,1.2,14,77.81,HIGH
0,107,0,0.06,373,27.27,LOW
0,105,4,16.65,225,68.69,HIGH
0,29,3,15.4,505,49.48,MEDIUM
1,85,2,7.93,73,77.85,HIGH
1,91,4,10.09,249,100.0,HIGH
0,6,3,8.05,511,43.53,MEDIUM
0,34,4,0.36,603,50.44,MEDIUM
0,54,1,6.13,216,31.32,LOW
0,91,1,2.92,602,33.64,LOW
1,13,0,1.55,541,39.81,MEDIUM
0,119,0,47.1,220,28.09,LOW
0,9,1,13.72,221,16.71,LOW
0,79,4,19.57,389,71.55,HIGH
0,15,1,5.68,554,17.69,LOW
0,53,0,7.49,647,23.61,LOW
1,94,1,4.06,42,76.43,HIGH
0,105,1,1.53,676,40.57,MEDIUM
0,88,4,2.96,283,64.94,MEDIUM
0,76,3,23.96,58,59.32,MEDIUM
0,69,0,16.98,537,28.69,LOW
0,43,4,11.88,73,64.38,MEDIUM
0,72,1,9.67,129,44.96,MEDIUM
1,44,1,38.35,599,76.7,HIGH
0,99,3,1.13,426,55.83,MEDIUM
0,55,0,4.94,665,26.09,LOW
0,106,0,6.46,694,21.98,LOW
0,83,2,22.88,125,51.97,MEDIUM
1,81,0,73.42,67,72.67,HIGH
1,106,3,4.13,6,87.39,HIGH
0,56,2,31.11,637,54.5,MEDIUM
0,20,2,26.63,314,34.4,MEDIUM
0,67,1,3.82,326,37.16,MEDIUM
0,49,1,7.65,565,32.62,LOW
0,32,0,7.91,578,10.82,LOW
0,90,2,57.4,506,59.77,MEDIUM
0,6,1,2.99,82,7.23,LOW
0,69,3,24.08,599,69.18,HIGH
1,14,1,6.1,2,50.88,MEDIUM
0,81,1,19.69,204,39.93,MEDIUM
0,31,2,8.17,662,30.16,LOW
1,119,2,12.95,404,91.74,HIGH
0,74,4,26.81,103,71.39,HIGH
0,19,3,24.46,536,42.66,MEDIUM
0,87,2,30.2,368,58.33,MEDIUM
0,14,0,0.92,212,6.26,LOW
1,47,3,17.67,577,97.47,HIGH
1,70,3,2.26,209,90.77,HIGH
0,20,2,8.06,117,23.73,LOW
0,41,3,11.93,628,51.2,MEDIUM
0,25,2,7.73,478,31.14,LOW
0,107,1,11.0,105,41.43,MEDIUM
0,119,4,84.94,495,79.6,HIGH
1,13,1,2.18,46,57.1,MEDIUM
0,56,2,16.88,331,40.28,MEDIUM
1,36,2,7.56,216,86.71,HIGH
0,57,1,2.14,492,33.57,LOW
0,20,0,2.59,449,12.6,LOW
0,81,0,44.72,536,34.24,MEDIUM
1,68,0,31.75,511,76.07,HIGH
1,2,2,35.63,458,65.01,MEDIUM
1,86,3,71.57,547,100.0,HIGH
0,89,2,3.5,536,44.27,MEDIUM
0,36,3,6.59,540,47.12,MEDIUM
1,87,1,16.59,484,83.47,HIGH
0,48,4,9.92,16,56.81,MEDIUM
0,18,3,8.13,571,36.52,MEDIUM
0,114,0,6.64,243,29.28,LOW
1,88,2,13.51,207,99.54,HIGH
1,84,1,12.86,271,78.17,HIGH
0,11,0,2.64,115,8.33,LOW
1,120,1,9.57,580,77.34,HIGH
1,60,4,12.09,299,100.0,HIGH
0,40,2,12.67,483,31.73,LOW
0,32,2,3.54,397,34.87,MEDIUM
1,49,4,20.34,394,98.39,HIGH
0,116,2,0.38,75,32.58,LOW
0,67,3,6.57,482,58.46,MEDIUM
0,105,1,22.73,103,42.52,MEDIUM
1,120,0,12.45,297,67.31,HIGH
1,70,4,4.54,178,100.0,HIGH
1,85,3,17.81,215,100.0,HIGH
0,118,0,12.57,315,27.48,LOW
1,32,0,23.86,39,63.04,MEDIUM
1,80,4,19.92,259,100.0,HIGH
0,23,3,14.13,7,45.3,MEDIUM
1,60,0,10.05,49,66.82,MEDIUM
0,60,0,2.14,538,23.59,LOW
0,97,3,4.54,161,65.46,MEDIUM
0,27,2,8.15,176,39.58,MEDIUM
0,57,0,13.72,591,28.55,LOW
0,42,1,10.81,2,19.22,LOW
0,40,3,5.1,455,46.39,MEDIUM
0,38,0,0.1,644,29.38,LOW
1,85,4,10.28,276,100.0,HIGH
0,48,1,5.05,498,37.03,MEDIUM
0,16,0,19.9,629,19.85,LOW
0,97,1,0.36,676,36.2,MEDIUM
1,69,1,13.19,28,74.75,HIGH
0,109,2,42.57,333,45.59,MEDIUM
0,69,1,2.87,1,39.28,MEDIUM
1,97,2,9.57,188,83.8,HIGH
0,64,3,1.44,56,56.31,MEDIUM
0,73,2,14.74,547,43.17,MEDIUM
0,84,4,12.0,112,67.27,HIGH
1,4,0,7.85,310,44.19,MEDIUM
0,1,3,11.05,36,35.07,MEDIUM
1,21,3,34.03,439,83.38,HIGH
0,111,4,3.28,592,71.97,HIGH
1,56,2,0.34,595,80.45,HIGH
1,65,0,29.67,577,65.53,MEDIUM
1,73,2,12.91,325,88.33,HIGH
0,97,1,33.2,640,45.13,MEDIUM
1,15,2,13.63,307,71.14,HIGH
0,111,3,24.92,534,69.29,HIGH
0,50,0,8.42,619,22.18,LOW
0,38,2,20.79,109,41.47,MEDIUM
1,85,0,36.63,372,70.47,HIGH
1,75,0,12.73,357,72.92,HIGH
1,87,1,2.99,181,76.82,HIGH
0,110,1,4.7,356,34.31,MEDIUM
0,39,3,3.32,676,37.72,MEDIUM
1,37,4,4.25,68,100.0,HIGH
0,59,0,5.49,292,20.09,LOW
0,58,4,12.15,692,64.86,MEDIUM
0,9,3,13.3,181,39.53,MEDIUM
0,98,0,8.34,466,21.52,LOW
0,63,0,14.33,434,21.83,LOW
0,114,4,1.28,464,54.76,MEDIUM
0,62,2,1.38,681,49.02,MEDIUM
0,48,1,2.83,534,28.12,LOW
1,63,2,10.95,66,100.0,HIGH
0,31,4,3.61,21,49.03,MEDIUM
0,6,1,5.0,612,9.39,LOW
0,20,2,7.67,384,27.81,LOW
0,19,1,25.06,615,26.65,LOW
1,25,0,0.21,559,48.13,MEDIUM
1,67,2,15.72,39,92.78,HIGH
0,109,1,16.58,285,35.08,MEDIUM
0,115,1,24.04,602,35.3,MEDIUM
1,85,1,40.49,597,78.16,HIGH
1,14,2,0.31,336,54.81,MEDIUM
0,119,3,2.5,188,53.16,MEDIUM
0,103,2,32.6,671,53.28,MEDIUM
0,84,4,9.2,243,64.6,MEDIUM
1,78,2,12.47,73,94.96,HIGH
0,85,1,16.32,479,46.04,MEDIUM
1,115,0,17.05,561,68.44,HIGH
0,91,2,40.27,101,48.11,MEDIUM
0,13,2,86.89,514,37.58,MEDIUM
0,26,1,19.1,176,23.56,LOW
0,104,0,5.08,238,23.24,LOW
0,39,0,31.77,59,22.29,LOW
0,57,4,0.76,99,60.71,MEDIUM
0,27,2,3.94,495,30.5,LOW
1,25,0,34.15,514,57.48,MEDIUM
0,112,0,4.44,297,27.37,LOW
0,62,3,3.74,211,57.92,MEDIUM
1,65,3,2.23,123,91.12,HIGH
1,24,0,29.4,229,65.18,MEDIUM
1,119,4,10.4,594,100.0,HIGH
1,2,0,16.85,656,37.8,MEDIUM
0,71,1,4.1,388,38.13,MEDIUM
0,43,2,21.28,140,40.21,MEDIUM
1,96,4,21.41,541,100.0,HIGH
0,41,1,5.62,391,16.75,LOW
0,115,4,7.93,270,74.34,HIGH
1,98,1,3.53,12,79.42,HIGH
0,5,2,56.3,389,29.58,LOW
0,38,2,15.56,337,33.11,LOW
0,51,3,40.9,506,71.88,HIGH
0,22,1,5.42,106,17.11,LOW
0,88,3,22.84,32,57.68,MEDIUM
0,49,1,21.78,74,25.62,LOW
1,42,3,17.65,171,91.04,HIGH
0,18,2,50.56,69,41.36,MEDIUM
0,68,4,7.5,362,70.83,HIGH
1,50,3,2.1,649,84.47,HIGH
1,10,1,16.71,433,51.58,MEDIUM
1,119,1,19.6,100,83.13,HIGH
1,11,2,12.84,658,73.47,HIGH
0,73,1,3.48,9,28.19,LOW
0,7,0,10.53,574,11.48,LOW
0,23,4,5.61,697,51.45,MEDIUM
0,91,3,8.37,29,62.97,MEDIUM
0,40,4,15.54,114,60.98,MEDIUM
0,35,2,20.51,462,28.12,LOW
1,100,3,3.96,143,95.43,HIGH
0,84,3,7.8,390,62.64,MEDIUM
0,71,0,4.7,632,21.94,LOW
0,54,2,3.32,682,41.56,MEDIUM
0,8,1,22.94,157,19.33,LOW
0,46,0,36.0,335,15.47,LOW
1,14,0,6.94,260,56.27,MEDIUM
0,47,4,20.87,82,61.34,MEDIUM
0,109,4,34.09,441,77.76,HIGH
0,103,4,28.07,172,72.99,HIGH
1,81,0,3.03,231,72.2,HIGH
0,41,1,46.95,75,43.2,MEDIUM
0,59,3,7.09,270,55.54,MEDIUM
0,83,4,6.22,626,62.4,MEDIUM
0,69,1,0.97,62,39.28,MEDIUM
1,11,2,9.99,320,58.21,MEDIUM
1,1,4,1.73,102,84.17,HIGH
0,6,3,4.29,429,28.29,LOW
1,79,2,5.72,255,92.98,HIGH
1,2,2,24.82,532,69.09,HIGH
1,108,3,31.25,570,100.0,HIGH
1,2,4,5.4,112,82.86,HIGH
0,26,0,29.35,313,10.88,LOW
0,113,3,29.2,461,59.46,MEDIUM
0,106,3,21.7,462,64.87,MEDIUM
1,39,3,2.38,92,87.8,HIGH
0,101,2,17.58,52,56.18,MEDIUM
1,32,1,43.51,520,78.4,HIGH
1,91,0,17.21,98,65.33,MEDIUM
0,0,4,6.04,236,37.83,MEDIUM
1,118,4,10.41,374,100.0,HIGH
0,7,1,15.57,581,6.02,LOW
0,100,3,10.72,557,66.58,MEDIUM
1,31,0,1.92,649,55.7,MEDIUM
0,47,4,5.61,234,67.4,HIGH
1,106,4,24.32,32,100.0,HIGH
1,100,3,29.64,289,100.0,HIGH
0,3,1,2.22,638,23.07,LOW
0,93,0,45.67,579,32.1,LOW
0,69,1,5.98,542,40.65,MEDIUM
0,109,1,16.28,114,39.89,MEDIUM
1,117,0,20.9,204,63.55,MEDIUM
0,18,0,25.07,29,17.49,LOW
0,31,4,43.71,643,70.2,HIGH
0,8,4,5.63,474,42.02,MEDIUM
0,11,0,29.33,697,19.21,LOW
1,10,2,2.12,253,56.47,MEDIUM
0,45,4,18.31,386,56.77,MEDIUM
1,118,2,20.32,62,91.78,HIGH
0,15,0,16.99,515,11.47,LOW
1,0,4,4.36,430,77.73,HIGH
0,62,1,30.96,580,48.34,MEDIUM
0,108,0,2.77,537,28.49,LOW
1,118,3,0.83,691,99.54,HIGH
0,116,2,18.96,141,50.07,MEDIUM
1,20,0,9.68,300,54.25,MEDIUM
0,29,0,28.37,675,18.37,LOW
0,12,4,7.25,311,57.44,MEDIUM
0,33,4,2.76,471,50.52,MEDIUM
1,3,4,27.16,393,99.92,HIGH
0,27,3,11.94,642,45.01,MEDIUM
0,101,4,3.15,445,59.07,MEDIUM
0,94,0,19.12,172,37.58,MEDIUM
0,58,4,10.73,576,68.02,HIGH
0,118,1,13.91,31,43.43,MEDIUM
1,26,4,9.27,47,99.73,HIGH
1,68,3,26.47,130,100.0,HIGH
1,24,1,26.54,352,65.0,MEDIUM
1,2,0,18.54,622,51.27,MEDIUM
0,96,0,1.67,581,25.5,LOW
1,67,2,27.38,58,96.64,HIGH
0,24,1,16.68,106,14.24,LOW
0,19,2,17.91,330,35.52,MEDIUM
0,33,1,6.76,683,22.59,LOW
0,25,1,31.71,383,38.2,MEDIUM
1,4,3,19.39,162,80.6,HIGH
0,98,2,1.79,286,46.74,MEDIUM
0,60,3,7.86,71,59.79,MEDIUM
0,91,1,32.62,454,39.79,MEDIUM
1,92,0,0.73,567,73.34,HIGH
0,8,1,48.82,397,37.94,MEDIUM
0,115,3,17.05,515,62.08,MEDIUM
0,101,2,14.97,26,57.44,MEDIUM
1,49,2,4.73,313,78.99,HIGH
0,5,3,4.29,126,29.38,LOW
0,82,2,42.72,408,58.02,MEDIUM
0,59,4,5.31,565,68.35,HIGH
0,43,0,22.41,198,22.67,LOW
0,120,0,7.49,188,29.94,LOW
0,10,0,2.25,698,6.37,LOW
1,65,2,0.16,484,80.06,HIGH
0,46,2,11.79,450,45.3,MEDIUM
0,107,1,55.81,523,54.32,MEDIUM
1,107,1,6.91,354,77.93,HIGH
0,72,0,6.63,658,32.75,LOW
0,84,4,6.33,597,60.81,MEDIUM
0,87,1,11.03,100,40.65,MEDIUM
0,97,1,8.72,616,31.76,LOW
1,85,2,31.79,558,88.97,HIGH
0,2,4,10.56,556,40.85,MEDIUM
1,75,0,10.63,278,63.48,MEDIUM
0,91,1,2.23,693,32.93,LOW
0,29,4,60.89,699,66.01,MEDIUM
0,89,4,4.31,626,70.48,HIGH
0,111,0,1.14,491,23.74,LOW
0,20,4,16.32,255,45.3,MEDIUM
1,27,4,13.57,381,100.0,HIGH
0,119,4,8.05,542,63.23,MEDIUM
1,89,1,8.23,264,77.18,HIGH
0,61,0,23.06,610,34.15,MEDIUM
1,32,4,3.27,329,95.31,HIGH
1,84,4,25.74,115,100.0,HIGH
1,34,1,15.69,276,71.27,HIGH
1,51,0,8.14,488,59.39,MEDIUM
1,33,2,9.19,281,87.4,HIGH
0,40,1,4.45,275,28.97,LOW
0,50,0,20.92,328,26.37,LOW
0,46,4,10.79,211,67.22,HIGH
1,81,0,5.8,552,67.99,HIGH
0,57,0,13.6,26,29.83,LOW
1,74,0,81.86,27,92.46,HIGH
0,56,2,8.57,83,44.53,MEDIUM
0,22,0,38.02,682,18.98,LOW
0,47,2,6.35,413,42.07,MEDIUM
0,21,4,0.84,167,54.36,MEDIUM
0,16,2,3.43,700,20.16,LOW
0,68,4,8.14,169,57.61,MEDIUM
0,107,4,3.72,229,63.18,MEDIUM
0,10,2,0.0,609,16.0,LOW
0,93,1,36.98,367,43.97,MEDIUM
0,14,3,27.86,528,46.7,MEDIUM
1,90,0,20.34,647,66.65,MEDIUM
0,34,3,2.76,538,37.86,MEDIUM
0,32,0,1.92,524,14.26,LOW
0,83,0,1.05,72,29.63,LOW
0,15,4,19.31,645,43.57,MEDIUM
0,33,0,39.64,106,29.74,LOW
0,65,0,8.45,689,31.62,LOW
0,98,2,1.9,282,50.34,MEDIUM
0,39,3,10.77,133,55.57,MEDIUM
0,119,2,6.43,534,57.94,MEDIUM
1,27,0,7.05,269,51.58,MEDIUM
1,46,4,14.57,412,100.0,HIGH
0,38,2,19.03,673,39.46,MEDIUM
0,69,2,1.76,619,45.54,MEDIUM
0,72,1,0.54,18,42.83,MEDIUM
0,19,0,77.59,117,16.19,LOW
1,0,4,3.97,144,76.89,HIGH
0,71,2,0.83,551,52.13,MEDIUM
0,118,2,3.16,666,51.05,MEDIUM
0,86,4,0.6,688,63.36,MEDIUM
1,62,0,7.46,422,71.51,HIGH
0,66,1,24.32,369,44.0,MEDIUM
0,3,2,6.26,646,30.63,LOW
0,57,1,8.81,558,36.77,MEDIUM
0,24,3,16.89,50,50.2,MEDIUM
0,46,0,10.67,678,35.58,MEDIUM
0,37,3,29.65,106,57.3,MEDIUM
0,14,3,30.15,216,45.12,MEDIUM
0,62,3,0.15,658,58.66,MEDIUM
0,20,0,22.58,425,13.28,LOW
0,98,0,9.26,72,39.72,MEDIUM
0,56,4,67.43,446,79.23,HIGH
0,116,1,9.9,186,36.61,MEDIUM
1,52,1,65.02,70,82.49,HIGH
0,45,4,21.07,150,70.56,HIGH
0,115,4,4.29,246,70.62,HIGH
0,13,3,11.6,538,36.41,MEDIUM
0,99,4,72.68,652,82.88,HIGH
1,75,2,29.23,99,86.23,HIGH
0,16,1,1.54,278,18.05,LOW
1,38,4,18.38,563,100.0,HIGH
0,8,2,6.36,663,33.78,LOW
0,98,2,0.11,455,41.18,MEDIUM
1,76,2,7.75,104,80.93,HIGH
1,78,2,4.01,601,81.73,HIGH
1,81,3,25.63,653,96.01,HIGH
1,114,2,6.17,233,93.53,HIGH
0,96,3,26.36,394,70.65,HIGH
1,5,3,0.01,501,73.69,HIGH
0,90,2,5.52,695,52.76,MEDIUM
1,22,1,4.14,251,61.08,MEDIUM
0,58,2,3.99,521,44.89,MEDIUM
1,90,2,1.06,79,83.65,HIGH
0,97,2,3.11,52,44.38,MEDIUM
0,119,1,12.16,226,30.91,LOW
0,45,0,5.17,51,21.62,LOW
1,37,0,8.1,186,57.64,MEDIUM
0,13,3,7.09,34,41.27,MEDIUM
0,99,3,31.3,131,64.86,MEDIUM
0,116,1,35.36,632,44.79,MEDIUM
0,71,4,10.19,443,63.7,MEDIUM
1,61,0,6.01,432,67.16,HIGH
0,34,3,1.69,497,48.36,MEDIUM
1,18,0,45.99,403,55.58,MEDIUM
0,29,1,0.93,323,22.8,LOW
0,77,1,5.3,210,37.76,MEDIUM
1,83,4,5.31,615,100.0,HIGH
0,112,4,5.79,329,63.8,MEDIUM
0,24,1,2.69,372,21.96,LOW
0,39,3,22.93,460,47.46,MEDIUM
1,87,0,1.96,133,67.34,HIGH
0,13,2,15.11,651,25.47,LOW
1,25,4,1.98,121,96.32,HIGH
1,101,2,1.1,606,97.02,HIGH
0,86,3,36.02,452,61.5,MEDIUM
0,21,4,3.16,129,52.37,MEDIUM
0,47,2,25.83,91,43.7,MEDIUM
0,120,3,11.8,604,63.74,MEDIUM
0,82,0,1.22,575,19.04,LOW
0,109,3,46.67,29,71.4,HIGH
0,50,4,4.25,524,57.74,MEDIUM
1,2,1,29.45,333,58.63,MEDIUM
1,41,0,2.77,297,52.76,MEDIUM
1,18,2,28.86,130,80.27,HIGH
0,72,4,0.2,293,60.88,MEDIUM
0,27,1,10.75,173,27.23,LOW
0,83,3,22.01,24,59.88,MEDIUM
1,44,1,40.95,99,80.05,HIGH
0,70,4,35.99,406,76.54,HIGH
1,77,4,25.69,356,100.0,HIGH
0,62,1,32.86,139,45.91,MEDIUM
0,72,3,3.33,503,63.65,MEDIUM
1,118,1,5.01,174,72.61,HIGH
0,120,4,5.12,29,72.4,HIGH
1,18,4,7.1,496,97.12,HIGH
1,46,2,7.5,655,77.34,HIGH
0,115,2,11.8,351,41.26,MEDIUM
0,13,0,2.61,554,7.71,LOW
0,119,4,17.63,299,67.55,HIGH
1,37,2,2.75,192,85.58,HIGH
0,52,1,5.57,672,33.51,LOW
0,60,3,10.5,64,54.14,MEDIUM
0,35,1,23.88,664,26.01,LOW
1,39,3,20.18,215,97.75,HIGH
0,80,2,15.56,166,46.81,MEDIUM
1,29,0,2.54,543,53.06,MEDIUM
1,8,1,11.88,232,61.68,MEDIUM
0,63,1,1.37,541,32.99,LOW
0,32,1,7.11,195,25.24,LOW
1,119,3,8.0,506,97.32,HIGH
0,51,2,0.61,334,44.85,MEDIUM
1,88,1,4.8,304,79.39,HIGH
0,13,1,46.73,437,28.34,LOW
0,74,0,46.07,323,39.14,MEDIUM
1,52,0,6.52,502,61.76,MEDIUM
0,98,2,0.66,393,37.81,MEDIUM
0,104,2,2.96,599,47.18,MEDIUM
0,58,4,7.47,149,75.87,HIGH
0,77,0,44.28,405,33.87,LOW
0,93,4,2.28,283,61.82,MEDIUM
0,40,3,21.63,362,48.8,MEDIUM
1,67,4,1.73,379,100.0,HIGH
0,67,1,59.65,198,52.24,MEDIUM
0,91,4,7.21,556,66.37,MEDIUM
0,7,2,22.39,356,25.04,LOW
1,1,3,6.29,540,72.77,HIGH
0,104,1,14.82,429,31.62,LOW
1,109,4,3.2,17,100.0,HIGH
0,85,3,2.37,639,60.07,MEDIUM
0,40,3,41.72,379,52.93,MEDIUM
0,119,1,37.45,680,38.57,MEDIUM
0,54,4,32.77,506,80.23,HIGH
0,15,3,14.73,76,37.61,MEDIUM
0,92,3,24.77,231,68.11,HIGH
1,61,0,1.07,248,64.55,MEDIUM
0,112,3,6.11,302,56.02,MEDIUM
0,47,0,5.65,215,23.47,LOW
0,29,4,15.14,158,52.21,MEDIUM
1,11,4,6.6,69,87.23,HIGH
0,34,4,2.41,393,52.98,MEDIUM
0,10,2,13.61,85,21.65,LOW
0,63,4,25.26,267,74.27,HIGH
1,109,3,7.22,69,95.85,HIGH
0,49,1,2.13,611,30.27,LOW
0,84,0,3.29,347,19.94,LOW
1,20,2,4.07,673,77.51,HIGH
1,68,4,5.35,423,100.0,HIGH
0,47,4,15.44,606,69.04,HIGH
1,19,1,13.78,174,60.52,MEDIUM
0,100,1,17.86,677,31.71,LOW
0,66,2,6.75,115,56.79,MEDIUM
0,43,0,26.06,220,25.43,LOW
0,32,4,3.42,31,50.62,MEDIUM
0,116,2,9.5,523,49.93,MEDIUM
1,72,3,24.21,343,100.0,HIGH
0,60,3,2.98,377,55.78,MEDIUM
0,8,2,1.75,130,30.25,LOW
0,67,4,32.27,617,80.1,HIGH
1,34,2,6.3,539,70.67,HIGH
0,80,4,17.27,2,66.81,MEDIUM
0,97,1,0.39,101,39.9,MEDIUM
0,87,2,17.57,533,36.71,MEDIUM
0,95,4,5.7,58,65.96,MEDIUM
1,64,2,0.86,389,78.1,HIGH
1,7,2,14.12,692,64.77,MEDIUM
0,44,4,4.13,341,58.08,MEDIUM
1,86,4,7.34,20,100.0,HIGH
0,46,0,1.26,255,16.78,LOW
1,39,2,2.39,317,71.48,HIGH
0,75,3,5.31,38,68.05,HIGH
0,53,2,1.41,660,51.84,MEDIUM
0,75,2,36.26,537,50.07,MEDIUM
0,45,4,0.09,386,66.69,MEDIUM
0,46,2,9.92,633,40.15,MEDIUM
0,14,2,1.97,26,27.07,LOW
0,104,3,5.52,454,56.34,MEDIUM
1,18,4,39.07,681,95.92,HIGH
0,25,2,2.65,323,36.13,MEDIUM
0,51,1,50.65,513,46.88,MEDIUM
1,92,0,3.46,13,63.66,MEDIUM
0,21,3,20.3,560,38.32,MEDIUM
0,103,2,11.87,371,44.09,MEDIUM
0,20,1,32.37,291,19.84,LOW
1,50,2,12.11,332,84.53,HIGH
0,37,2,11.47,606,32.87,LOW
0,19,4,3.26,261,47.57,MEDIUM
1,120,4,2.73,205,100.0,HIGH
1,28,4,37.24,697,100.0,HIGH
0,50,1,5.96,687,32.46,LOW
0,3,2,6.98,387,22.91,LOW
0,54,0,21.4,468,38.32,MEDIUM
1,70,3,6.21,415,99.47,HIGH
0,91,4,45.57,69,77.03,HIGH
0,27,4,20.09,472,50.15,MEDIUM
1,3,2,13.65,104,67.31,HIGH
0,21,2,31.92,161,42.47,MEDIUM
0,75,1,0.76,200,32.07,LOW
0,44,1,4.46,216,31.13,LOW
0,66,4,9.38,212,66.0,MEDIUM
0,85,2,3.86,508,45.24,MEDIUM
0,107,0,20.43,16,18.69,LOW
0,65,3,37.74,498,65.21,MEDIUM
0,87,2,8.27,332,52.33,MEDIUM
1,33,2,6.28,551,72.48,HIGH
0,90,1,48.88,601,49.93,MEDIUM
1,54,3,8.83,256,91.37,HIGH
0,104,4,10.07,172,69.82,HIGH
1,0,2,6.5,649,60.87,MEDIUM
1,71,4,36.04,498,100.0,HIGH
0,86,2,12.62,471,55.45,MEDIUM
1,37,4,21.54,384,100.0,HIGH
1,5,3,25.05,690,76.57,HIGH
0,85,1,6.27,589,39.37,MEDIUM
0,24,3,8.53,700,45.25,MEDIUM
0,81,0,28.3,507,36.7,MEDIUM
1,16,1,6.77,527,50.23,MEDIUM
1,60,3,23.69,325,100.0,HIGH
1,11,0,42.45,214,54.47,MEDIUM
0,5,2,14.64,208,24.69,LOW
1,89,2,20.3,169,100.0,HIGH
0,26,4,24.53,330,59.7,MEDIUM
0,7,1,27.97,280,19.38,LOW
0,82,2,7.54,305,36.24,MEDIUM
0,105,1,0.79,146,42.19,MEDIUM
0,64,2,7.71,516,40.59,MEDIUM
0,56,4,16.8,90,63.36,MEDIUM
0,92,3,8.98,453,56.04,MEDIUM
0,108,4,20.73,60,78.3,HIGH
0,112,0,6.62,311,30.85,LOW
0,98,2,15.11,528,48.74,MEDIUM
0,39,0,3.09,227,18.72,LOW
0,13,0,20.76,474,8.64,LOW
0,34,1,11.83,541,28.41,LOW
0,47,2,3.42,663,40.98,MEDIUM
0,108,0,5.18,79,31.4,LOW
0,83,3,20.71,433,66.05,MEDIUM
0,55,0,9.88,153,28.35,LOW
0,48,3,3.65,401,49.28,MEDIUM
1,12,1,51.29,279,73.71,HIGH
0,80,2,25.0,198,15.0,LOW
